disbursement_id,primary_token,disbursement_type,origin_disbursement_amount,budget_disbursement_amount,currency,budget_type,disbursement_status,exchange_month,external_token,receipt_token,store_id,transaction_id,register_by,updated_by,created_at,updated_at
1,63d91d4351aeeb5211e917b4,GUARANTEE,100000000.00,100000000.00,KRW,DISBURSEMENT,CREATED,202211,GUARANTEE_ADDSS9R88YB5xMc,,612331c5c96c33001402a8a2,LSB7T3S3Q3GQ5KMB,DAVID,DAVID,2023-01-31 13:53:08,2023-01-31 13:53:08
2,63d91d431813d75ad935a705,GUARANTEE,12000000.00,12000000.00,KRW,DISBURSEMENT,CREATED,202211,GUARANTEE_BDg8tyUQ96bHumU,,5e7c7037404bab37918fb999,MMREWF6DKQDXD4FX,DAVID,DAVID,2023-01-31 13:53:08,2023-01-31 13:53:08
3,63d91d441813d75ad935a706,GUARANTEE,40000000.00,40000000.00,KRW,DISBURSEMENT,CREATED,202211,GUARANTEE_xwNxldfdOibEKG9,,603494c215a69000141a48f4,ZXTXYCGB2RQGPDGW,DAVID,DAVID,2023-01-31 13:53:08,2023-01-31 13:53:08
4,63d91d441813d75ad935a707,GUARANTEE,12000000.00,12000000.00,KRW,DISBURSEMENT,CREATED,202211,GUARANTEE_5TtwiMwqJP1sTuY,,603fa00d029fd2000e0532d1,W54YYNJS4P4BKNFM,DAVID,DAVID,2023-01-31 13:53:09,2023-01-31 13:53:09
5,63d91d441813d75ad935a708,GUARANTEE,8000000.00,8000000.00,KRW,DISBURSEMENT,CREATED,202211,GUARANTEE_LArMQGZdTin7UEe,,604783fbb51f020015383f48,3RFJZZEZO3EVLCOR,DAVID,DAVID,2023-01-31 13:53:09,2023-01-31 13:53:09
6,63d91d451813d75ad935a709,GUARANTEE,20000000.00,20000000.00,KRW,DISBURSEMENT,CREATED,202211,GUARANTEE_AhFJgWw1BOi5UwC,,603fb8dee2da390015e37875,TVIHOGS6FRK3H7TN,DAVID,DAVID,2023-01-31 13:53:09,2023-01-31 13:53:09
7,63d91d4551aeeb5211e917b5,GUARANTEE,45000000.00,45000000.00,KRW,DISBURSEMENT,CREATED,202211,GUARANTEE_ZeZu3rVlhtE1HDx,,6232d4947456cc000d211875,GB7DQ26DCISAORVQ,DAVID,DAVID,2023-01-31 13:53:09,2023-01-31 13:53:09
8,63d91d451813d75ad935a70a,GUARANTEE,80000000.00,80000000.00,KRW,DISBURSEMENT,CREATED,202211,GUARANTEE_hFhpGH2KtB32Z4e,,628382e8e89e480015df24e8,QVGRYFIGCOQG6FKS,DAVID,DAVID,2023-01-31 13:53:10,2023-01-31 13:53:10
9,63d91d4551aeeb5211e917b6,GUARANTEE,18000000.00,18000000.00,KRW,DISBURSEMENT,CREATED,202211,GUARANTEE_Ptsqo97MxndY5OE,,61e7953a4cb71000148b7b5f,CY5JT7VJUAD3DSYD,DAVID,DAVID,2023-01-31 13:53:10,2023-01-31 13:53:10
10,63d91d4651aeeb5211e917b7,GUARANTEE,20000000.00,20000000.00,KRW,DISBURSEMENT,CREATED,202211,GUARANTEE_99nHPX6L0UljNpv,,623ad0abdf9e29001391fbe4,QX57CVIDPIMIRPVN,DAVID,DAVID,2023-01-31 13:53:10,2023-01-31 13:53:10
11,63d91d4651aeeb5211e917b8,GUARANTEE,6000000.00,6000000.00,KRW,DISBURSEMENT,CREATED,202211,GUARANTEE_FkPdv2ghYGdqYho,,632183665435f6000f7b28e2,S3X5NOQP3BCF2FVE,DAVID,DAVID,2023-01-31 13:53:10,2023-01-31 13:53:10
12,63d91d461813d75ad935a70b,GUARANTEE,4500000.00,4500000.00,KRW,DISBURSEMENT,CREATED,202211,GUARANTEE_LjLh7VYS57NcNzM,,5f16b35e7b86c30de421f953,HVRTGHNZA2QMNTZ6,DAVID,DAVID,2023-01-31 13:53:11,2023-01-31 13:53:11
13,63d91d4651aeeb5211e917b9,GUARANTEE,12000000.00,12000000.00,KRW,DISBURSEMENT,CREATED,202211,GUARANTEE_6eZemTgbEMHNtyv,,61fddf5a47fb97001454d023,H2TKQSVVYFIDQMX6,DAVID,DAVID,2023-01-31 13:53:11,2023-01-31 13:53:11
14,63d91d4751aeeb5211e917ba,GUARANTEE,3000000.00,3000000.00,KRW,DISBURSEMENT,CREATED,202211,GUARANTEE_AkheFYxgGhb6bwN,,6114cb23fbd8570014a9ee8c,WPRCTNWFIY4HSJ6M,DAVID,DAVID,2023-01-31 13:53:11,2023-01-31 13:53:11
15,63d91d4751aeeb5211e917bb,GUARANTEE,7500000.00,7500000.00,KRW,DISBURSEMENT,CREATED,202211,GUARANTEE_fULcxXgHkQFeHQB,,62ce0a634c9b9e000e37e657,UZKMXMZV5EV2GSZH,DAVID,DAVID,2023-01-31 13:53:11,2023-01-31 13:53:11
16,63d91d471813d75ad935a70c,GUARANTEE,4000000.00,4000000.00,KRW,DISBURSEMENT,CREATED,202211,GUARANTEE_0ORNRBTglp6W8lE,,60ff7ec554499f000d8967b0,PWIBIGOOBC23IKQ3,DAVID,DAVID,2023-01-31 13:53:12,2023-01-31 13:53:12
17,63d91d471813d75ad935a70d,GUARANTEE,28000000.00,28000000.00,KRW,DISBURSEMENT,CREATED,202211,GUARANTEE_4VMo39CwGBtouRO,,5ebc9eab395b810f5fff2926,XDHRUHPLXFXCV3VJ,DAVID,DAVID,2023-01-31 13:53:12,2023-01-31 13:53:12
18,63d91d4751aeeb5211e917bc,GUARANTEE,20000000.00,20000000.00,KRW,DISBURSEMENT,CREATED,202211,GUARANTEE_n2DG2kcYGfUqzkA,,6090bd5c93cea9000eac2ef5,J36RUE2UBBNMA52C,DAVID,DAVID,2023-01-31 13:53:12,2023-01-31 13:53:12
19,63d91d481813d75ad935a70e,GUARANTEE,1500000.00,1500000.00,KRW,DISBURSEMENT,CREATED,202211,GUARANTEE_0OHk9VOhtjtyrui,,60f1308bc69381001510783a,VYXRT6VVGD7BDA2Q,DAVID,DAVID,2023-01-31 13:53:12,2023-01-31 13:53:12
20,63d91d4851aeeb5211e917bd,GUARANTEE,2000000.00,2000000.00,KRW,DISBURSEMENT,CREATED,202211,GUARANTEE_qZhV0u62DH0qp4w,,6330f0db3d0f1d000e4c8c01,VNLCEWT3MY4UCFTC,DAVID,DAVID,2023-01-31 13:53:12,2023-01-31 13:53:12
21,63d91d4851aeeb5211e917be,GUARANTEE,3000000.00,3000000.00,KRW,DISBURSEMENT,CREATED,202211,GUARANTEE_S5Z88Bz1AoV1Xwm,,62d93290b5fed6000e5e1cd8,VJFV2ETWKQQOYR5M,DAVID,DAVID,2023-01-31 13:53:13,2023-01-31 13:53:13
22,63d91d4851aeeb5211e917bf,GUARANTEE,4000000.00,4000000.00,KRW,DISBURSEMENT,CREATED,202211,GUARANTEE_tB9Nox68OiA2NXv,,5e5382a0169295408735b8e4,DSCJDA5KNQBUBESF,DAVID,DAVID,2023-01-31 13:53:13,2023-01-31 13:53:13
23,63d91d4951aeeb5211e917c0,GUARANTEE,8000000.00,8000000.00,KRW,DISBURSEMENT,CREATED,202211,GUARANTEE_axyKlBhzQ5u8FfH,,5f55d3163d49e3000cbefc09,S7GX5VV7XU6G3OFT,DAVID,DAVID,2023-01-31 13:53:13,2023-01-31 13:53:13
24,63d91d5a51aeeb5211e917c1,GUARANTEE,3738000.00,3738000.00,KRW,DISBURSEMENT,CREATED,202211,GUARANTEE_vQZ8A20yAxDIN3A,,5cde40027edba406a95d4d13,2XEHOBC52TIBWOE6,DAVID,DAVID,2023-01-31 13:53:31,2023-01-31 13:53:31
25,63d91d5a51aeeb5211e917c2,GUARANTEE,935000.00,935000.00,KRW,DISBURSEMENT,CREATED,202211,GUARANTEE_nmXDOSUXyuthRZL,,5ecdfa35616acb397b72982c,UJNUWXROBUESUJAX,DAVID,DAVID,2023-01-31 13:53:31,2023-01-31 13:53:31
26,63d91d5b1813d75ad935a70f,GUARANTEE,9207261.00,9207261.00,KRW,DISBURSEMENT,CREATED,202211,GUARANTEE_PfNt2nVvDOfFUxc,,5d1777ef59e3e00d3f98ce04,L3SQLF3TQ43MN6WS,DAVID,DAVID,2023-01-31 13:53:31,2023-01-31 13:53:31
27,63d91d5b1813d75ad935a710,GUARANTEE,1843276.00,1843276.00,KRW,DISBURSEMENT,CREATED,202211,GUARANTEE_m4RCB7tkUgdNRvh,,5ce7ab3772680c0d087005c0,AHLJAYUVXGTQLCHX,DAVID,DAVID,2023-01-31 13:53:31,2023-01-31 13:53:31
28,63d91d5b51aeeb5211e917c3,GUARANTEE,1492564.00,1492564.00,KRW,DISBURSEMENT,CREATED,202211,GUARANTEE_W327CferIm0HyXH,,5d08e82caa589524618d002c,DX27IKPX4YDV5YSU,DAVID,DAVID,2023-01-31 13:53:32,2023-01-31 13:53:32
29,63d91d5b51aeeb5211e917c4,GUARANTEE,2746257.00,2746257.00,KRW,DISBURSEMENT,CREATED,202211,GUARANTEE_ylgMzvWdO2JXHAH,,5cef940dd7814a07dd7b1f5c,COY3AE6SVNAIMN3R,DAVID,DAVID,2023-01-31 13:53:32,2023-01-31 13:53:32
30,63d91d5c1813d75ad935a711,GUARANTEE,3627000.00,3627000.00,KRW,DISBURSEMENT,CREATED,202211,GUARANTEE_5Eon7nfwF2EFotZ,,5cf4a385d9c2cc750c9acb7f,AIH472VCC6ECSOLN,DAVID,DAVID,2023-01-31 13:53:32,2023-01-31 13:53:32
31,63d91d5c1813d75ad935a712,GUARANTEE,1346551.00,1346551.00,KRW,DISBURSEMENT,CREATED,202211,GUARANTEE_IeA4nFgJiQtRjVk,,5d1035d9d3628e05977f5dac,S4KYKTJOPSHLA6LF,DAVID,DAVID,2023-01-31 13:53:32,2023-01-31 13:53:32
32,63d91d5c51aeeb5211e917c5,GUARANTEE,197544.00,197544.00,KRW,DISBURSEMENT,CREATED,202211,GUARANTEE_xzRPEZMDxsm3owb,,5d3f17c6581899597b56e543,72NTRNAQH54WTLEA,DAVID,DAVID,2023-01-31 13:53:33,2023-01-31 13:53:33
33,63d91d5c1813d75ad935a713,GUARANTEE,1770476.00,1770476.00,KRW,DISBURSEMENT,CREATED,202211,GUARANTEE_UcGlifNRzTdxM4u,,5ddcb76886681a12878b7f26,5I6XG6IQ6HET7UY3,DAVID,DAVID,2023-01-31 13:53:33,2023-01-31 13:53:33
34,63d91d5d51aeeb5211e917c6,GUARANTEE,3799994.00,3799994.00,KRW,DISBURSEMENT,CREATED,202211,GUARANTEE_wtYyqDxR5zh61cJ,,5df325de141f8109ccc256f5,3E2Z3VWNO4WLNZPS,DAVID,DAVID,2023-01-31 13:53:33,2023-01-31 13:53:33
35,63d91d5d1813d75ad935a714,GUARANTEE,2385049.00,2385049.00,KRW,DISBURSEMENT,CREATED,202211,GUARANTEE_wNGzBUykiLRnZjT,,5e7c875fcc3b35378bc088ef,YCNDKYMM37NGQ34O,DAVID,DAVID,2023-01-31 13:53:33,2023-01-31 13:53:33
36,63d91d5d1813d75ad935a715,GUARANTEE,660000.00,660000.00,KRW,DISBURSEMENT,CREATED,202211,GUARANTEE_Jb0p63EYw2GdCaD,,5ec47c64e148fa68726dea31,7MJC5VKOIW3DD42N,DAVID,DAVID,2023-01-31 13:53:33,2023-01-31 13:53:33
37,63d91d5d1813d75ad935a716,GUARANTEE,2255000.00,2255000.00,KRW,DISBURSEMENT,CREATED,202211,GUARANTEE_6OgNhEWveb1F07D,,5ec3fa8ed2afa60dd6f40e6d,FFMNHCTFKD3TGCN5,DAVID,DAVID,2023-01-31 13:53:34,2023-01-31 13:53:34
38,63d91d5d1813d75ad935a717,GUARANTEE,727500.00,727500.00,KRW,DISBURSEMENT,CREATED,202211,GUARANTEE_6LjjjGQrXvZ29Be,,5ed84a985b21916d3432a2f2,Q5JJVFNZUXZDM4II,DAVID,DAVID,2023-01-31 13:53:34,2023-01-31 13:53:34
39,63d91d5e51aeeb5211e917c7,GUARANTEE,2424443.00,2424443.00,KRW,DISBURSEMENT,CREATED,202211,GUARANTEE_K5QVbYT4wu7GvAx,,5eead4553848fd4b00a7bf42,T5LCUVXM6QSJ6SDB,DAVID,DAVID,2023-01-31 13:53:34,2023-01-31 13:53:34
40,63d91d5e51aeeb5211e917c8,GUARANTEE,6700203.00,6700203.00,KRW,DISBURSEMENT,CREATED,202211,GUARANTEE_ahZX7zHobahPRk6,,5f0d743fc607c80dabb9b5d8,PHNLHHNELP2QNT2B,DAVID,DAVID,2023-01-31 13:53:34,2023-01-31 13:53:34
41,63d91d5e51aeeb5211e917c9,GUARANTEE,2860000.00,2860000.00,KRW,DISBURSEMENT,CREATED,202211,GUARANTEE_HZe1BslBtMWRq6S,,5f191e1bf21af022258e25f0,AVUNN3SU27LY7XRY,DAVID,DAVID,2023-01-31 13:53:35,2023-01-31 13:53:35
42,63d91d5e1813d75ad935a718,GUARANTEE,1150000.00,1150000.00,KRW,DISBURSEMENT,CREATED,202211,GUARANTEE_qBj8KsOejkIdBwz,,5f583fbdaebc8f00147d2707,5JPDRXQGDDYPKYMY,DAVID,DAVID,2023-01-31 13:53:35,2023-01-31 13:53:35
43,63d91d5f51aeeb5211e917ca,GUARANTEE,2160000.00,2160000.00,KRW,DISBURSEMENT,CREATED,202211,GUARANTEE_2whw8tmceM2lVAQ,,5f3fa20a91ca2e0016bc3315,TOBBTJ556P5TWJJL,DAVID,DAVID,2023-01-31 13:53:35,2023-01-31 13:53:35
44,63d91d5f1813d75ad935a719,GUARANTEE,1840000.00,1840000.00,KRW,DISBURSEMENT,CREATED,202211,GUARANTEE_QeHw8w3qnrbyUU1,,5f6aeee8fb529a00069f89cc,VIVIVHB2DZJBDZBM,DAVID,DAVID,2023-01-31 13:53:35,2023-01-31 13:53:35
45,63d91d5f51aeeb5211e917cb,GUARANTEE,2460104.00,2460104.00,KRW,DISBURSEMENT,CREATED,202211,GUARANTEE_ln1OikBmKkUXE13,,5fa4ee3a907dfd00132651b8,5OS5MALNVGYXM4N4,DAVID,DAVID,2023-01-31 13:53:36,2023-01-31 13:53:36
46,63d91d5f1813d75ad935a71a,GUARANTEE,1815000.00,1815000.00,KRW,DISBURSEMENT,CREATED,202211,GUARANTEE_aQxlUpkcUOmD2JY,,5f978820f1e05b000e923cb3,ZI6IDCXZEGM2GEZA,DAVID,DAVID,2023-01-31 13:53:36,2023-01-31 13:53:36
47,63d91d601813d75ad935a71b,GUARANTEE,3150000.00,3150000.00,KRW,DISBURSEMENT,CREATED,202211,GUARANTEE_gitHiBOWQphpr1n,,6010c6ebe465ca000dedded6,JKPFRFD6LB3OK4OB,DAVID,DAVID,2023-01-31 13:53:36,2023-01-31 13:53:36
48,63d91d6051aeeb5211e917cc,GUARANTEE,2810000.00,2810000.00,KRW,DISBURSEMENT,CREATED,202211,GUARANTEE_QGo1MQwt0Mf3yzo,,602be875530049000db4fce4,HI2DLWSOE74AFLFL,DAVID,DAVID,2023-01-31 13:53:36,2023-01-31 13:53:36
49,63d91d601813d75ad935a71c,GUARANTEE,2980000.00,2980000.00,KRW,DISBURSEMENT,CREATED,202211,GUARANTEE_6thedxiM8EhoRRV,,606350ceca2617000ed26b87,EL765DZ2IBC4Z4XP,DAVID,DAVID,2023-01-31 13:53:37,2023-01-31 13:53:37
50,63d91d601813d75ad935a71d,GUARANTEE,9385730.00,9385730.00,KRW,DISBURSEMENT,CREATED,202211,GUARANTEE_wSP4150j5AbpOTN,,60897bec0332af000e303fb7,NW7AXMMAQV3ZSHIE,DAVID,DAVID,2023-01-31 13:53:37,2023-01-31 13:53:37
51,63d91d611813d75ad935a71e,GUARANTEE,5724685.00,5724685.00,KRW,DISBURSEMENT,CREATED,202211,GUARANTEE_cXgEkVm3cETd2Nv,,60afa48a75e6f40025108aad,YTISHZGFXBG7B53X,DAVID,DAVID,2023-01-31 13:53:37,2023-01-31 13:53:37
52,63d91d6151aeeb5211e917cd,GUARANTEE,20100000.00,20100000.00,KRW,DISBURSEMENT,CREATED,202211,GUARANTEE_1SrPndLVW9UTBkF,,6100dffd317ab0000d1b5979,NBBQVFIE7SFQ5YKA,DAVID,DAVID,2023-01-31 13:53:37,2023-01-31 13:53:37
53,63d91d6151aeeb5211e917ce,GUARANTEE,6030918.00,6030918.00,KRW,DISBURSEMENT,CREATED,202211,GUARANTEE_0iNCUEC1MHdYLUd,,613062c01de41100148d2e8b,5SEZWNZ53NRYBJMR,DAVID,DAVID,2023-01-31 13:53:38,2023-01-31 13:53:38
54,63d91d6151aeeb5211e917cf,GUARANTEE,2930000.00,2930000.00,KRW,DISBURSEMENT,CREATED,202211,GUARANTEE_LzgbadJthSl1NAb,,6257d647be03250016783c63,Q5SOOKZG4KA4CSIR,DAVID,DAVID,2023-01-31 13:53:38,2023-01-31 13:53:38
55,63d91d6251aeeb5211e917d0,GUARANTEE,298119.00,298119.00,KRW,DISBURSEMENT,CREATED,202211,GUARANTEE_2RWaaA6vwVK0b20,,62df72341d8f9100155ac8fa,P724HC2GJVJERSRR,DAVID,DAVID,2023-01-31 13:53:38,2023-01-31 13:53:38
56,63d91d6251aeeb5211e917d1,GUARANTEE,930349.00,930349.00,KRW,DISBURSEMENT,CREATED,202211,GUARANTEE_JtdH2DAqxSmhyg3,,62df737dae7f1b001539eba0,W4U4KN22IWQVONH6,DAVID,DAVID,2023-01-31 13:53:38,2023-01-31 13:53:38
57,63d91d6251aeeb5211e917d2,GUARANTEE,196404.00,196404.00,KRW,DISBURSEMENT,CREATED,202211,GUARANTEE_FyiM22QIC4TWaPN,,62df74b3ccae25000ed5a51a,F3UE3EQQKJWMNI7U,DAVID,DAVID,2023-01-31 13:53:39,2023-01-31 13:53:39
58,63d91d621813d75ad935a71f,GUARANTEE,150947.00,150947.00,KRW,DISBURSEMENT,CREATED,202211,GUARANTEE_rdZrRfMv79ijI9G,,62df76a0ff43630015d16456,SGFRRQAAOR6SBCCP,DAVID,DAVID,2023-01-31 13:53:39,2023-01-31 13:53:39
59,63d91d631813d75ad935a720,GUARANTEE,28499950.00,28499950.00,KRW,DISBURSEMENT,CREATED,202211,GUARANTEE_BpnnTdFgUiIGNL0,,626a4d2cb1b5240016b0b261,GDCC7AP7JM2NV2MY,DAVID,DAVID,2023-01-31 13:53:39,2023-01-31 13:53:39
60,63d91d731813d75ad935a721,GUARANTEE,10000000.00,10000000.00,KRW,DISBURSEMENT,CREATED,202211,GUARANTEE_vr7HH75LeZcD3f9,,6315b05a2ee6a80015f0acce,ZEJDZJNHUHS6ARVA,DAVID,DAVID,2023-01-31 13:53:55,2023-01-31 13:53:55
61,63d91d7351aeeb5211e917d3,GUARANTEE,5000000.00,5000000.00,KRW,DISBURSEMENT,CREATED,202211,GUARANTEE_a1LlHKk3GNjv0Nu,,62d8e700f315c0000ea29d16,EI7NMSQX5OULMOPA,DAVID,DAVID,2023-01-31 13:53:56,2023-01-31 13:53:56
62,63d91d731813d75ad935a722,GUARANTEE,10000000.00,10000000.00,KRW,DISBURSEMENT,CREATED,202211,GUARANTEE_38koogLHedz5KJY,,6322b0a73ef73e000e24c696,NYNSZSU6VKBG6OZJ,DAVID,DAVID,2023-01-31 13:53:56,2023-01-31 13:53:56
63,63d91d741813d75ad935a723,GUARANTEE,3000000.00,3000000.00,KRW,DISBURSEMENT,CREATED,202211,GUARANTEE_EOHQxbPTyZ9smK5,,63202b18342cce0015a6dab5,P5CU6DC7UOZZYJDO,DAVID,DAVID,2023-01-31 13:53:56,2023-01-31 13:53:56
64,63d91d741813d75ad935a724,GUARANTEE,20000000.00,20000000.00,KRW,DISBURSEMENT,CREATED,202211,GUARANTEE_4mtbLKtazgZIV4C,,62d8e4036cefa100157052c6,ZBHNZB74JBGX7ST6,DAVID,DAVID,2023-01-31 13:53:56,2023-01-31 13:53:56
65,63d91d7451aeeb5211e917d4,GUARANTEE,7000000.00,7000000.00,KRW,DISBURSEMENT,CREATED,202211,GUARANTEE_ly2d54ZbpJSDqvg,,632402c3780811000e15ab0a,5Z7H6O5LZVGXHECW,DAVID,DAVID,2023-01-31 13:53:57,2023-01-31 13:53:57
66,63d91d7451aeeb5211e917d5,GUARANTEE,5000000.00,5000000.00,KRW,DISBURSEMENT,CREATED,202211,GUARANTEE_RsgV8P0AoQCYVHx,,62d8e3ffaacd8700154106c5,YO2CGNBICF5Z5FU5,DAVID,DAVID,2023-01-31 13:53:57,2023-01-31 13:53:57
67,63d91d751813d75ad935a725,GUARANTEE,8000000.00,8000000.00,KRW,DISBURSEMENT,CREATED,202211,GUARANTEE_alEaI7SdjIFLaQn,,6317ef09702562006097e140,HBZPEVKYYKLCABBQ,DAVID,DAVID,2023-01-31 13:53:57,2023-01-31 13:53:57
68,63d91d751813d75ad935a726,GUARANTEE,3000000.00,3000000.00,KRW,DISBURSEMENT,CREATED,202211,GUARANTEE_f09axC81CQPhLPE,,6334eda212429f000e5fa07b,MV65F6B2JUPNRSMC,DAVID,DAVID,2023-01-31 13:53:57,2023-01-31 13:53:57
69,63d91d7551aeeb5211e917d6,GUARANTEE,5500000.00,5500000.00,KRW,DISBURSEMENT,CREATED,202211,GUARANTEE_nGSFtOHinMjAHkD,,634fafb0d80abe000f33b65a,VLK665TMWE3NC3OY,DAVID,DAVID,2023-01-31 13:53:58,2023-01-31 13:53:58
70,63d91d7551aeeb5211e917d7,GUARANTEE,10000000.00,10000000.00,KRW,DISBURSEMENT,CREATED,202211,GUARANTEE_cbiPcO8Kil3piJI,,634f4a3ea0f4380015fcf014,SCDKTA6HA7MOJMTD,DAVID,DAVID,2023-01-31 13:53:58,2023-01-31 13:53:58
71,63d91d761813d75ad935a727,GUARANTEE,12000000.00,12000000.00,KRW,DISBURSEMENT,CREATED,202211,GUARANTEE_3D24Zn5aHoCtoRT,,633f803ae260460015d58fc8,XQF3FRZPG7YGCXIM,DAVID,DAVID,2023-01-31 13:53:58,2023-01-31 13:53:58
72,63d91d7651aeeb5211e917d8,GUARANTEE,5000000.00,5000000.00,KRW,DISBURSEMENT,CREATED,202211,GUARANTEE_mwI6Ir9EfWY7Ke0,,635f53135bde9b00158df7d2,NWMWVX43AUFCW7VB,DAVID,DAVID,2023-01-31 13:53:58,2023-01-31 13:53:58
73,63d91d761813d75ad935a728,GUARANTEE,15000000.00,15000000.00,KRW,DISBURSEMENT,CREATED,202211,GUARANTEE_VdVjN3daGJYbPVG,,635f64f648af240018dfd81d,4E7JQD7TUFCEDJ36,DAVID,DAVID,2023-01-31 13:53:59,2023-01-31 13:53:59
74,63d91d761813d75ad935a729,GUARANTEE,30000000.00,30000000.00,KRW,DISBURSEMENT,CREATED,202211,GUARANTEE_X8SnaKT9GS54Kxa,,63193953645deb000faeb75a,NMW7GKFJUWBO3VC2,DAVID,DAVID,2023-01-31 13:53:59,2023-01-31 13:53:59
75,63d91d7751aeeb5211e917d9,GUARANTEE,8000000.00,8000000.00,KRW,DISBURSEMENT,CREATED,202211,GUARANTEE_KzGhdFJ7StgH9Im,,630c65a887d4cf001582ecde,KGIR4YMLWZCITEXY,DAVID,DAVID,2023-01-31 13:53:59,2023-01-31 13:53:59
76,63d91d771813d75ad935a72a,GUARANTEE,3150000.00,3150000.00,KRW,DISBURSEMENT,CREATED,202211,GUARANTEE_myYUkgELZoafj48,,63085be04eebee000e70d63f,GB4EIJDBHKTHDKDW,DAVID,DAVID,2023-01-31 13:53:59,2023-01-31 13:53:59
77,63d91d7751aeeb5211e917da,GUARANTEE,20000000.00,20000000.00,KRW,DISBURSEMENT,CREATED,202211,GUARANTEE_DQi5n5jZYaxxj5e,,636077c2984f1100169516fd,GNL2I3H7PE6FCOLG,DAVID,DAVID,2023-01-31 13:54:00,2023-01-31 13:54:00
78,63d91d7751aeeb5211e917db,GUARANTEE,15000000.00,15000000.00,KRW,DISBURSEMENT,CREATED,202211,GUARANTEE_BREYptMRUsYPwWM,,635f714e0edc3200162b61a2,UY26Y3EJVMI7WMSC,DAVID,DAVID,2023-01-31 13:54:00,2023-01-31 13:54:00
79,63d91d7851aeeb5211e917dc,GUARANTEE,3000000.00,3000000.00,KRW,DISBURSEMENT,CREATED,202211,GUARANTEE_FGETcN0SZQuD7j6,,635f725080c728000eb9acc6,AUUFTYBQDYBVA5BX,DAVID,DAVID,2023-01-31 13:54:00,2023-01-31 13:54:00
80,63d91d7951aeeb5211e917dd,GUARANTEE,5000000.00,5000000.00,KRW,DISBURSEMENT,CREATED,202211,GUARANTEE_ZY8Qmi8FWi08Sjp,,63ae754d7a801e0016027ba6,E3XOFW76CDKJVG7P,DAVID,DAVID,2023-01-31 13:54:02,2023-01-31 13:54:02
81,63d91d7951aeeb5211e917de,GUARANTEE,5000000.00,5000000.00,KRW,DISBURSEMENT,CREATED,202211,GUARANTEE_RlLfa0kPq6OfA70,,634660162c53f100150c84cd,OZ24KFJY2ER7RI5U,DAVID,DAVID,2023-01-31 13:54:02,2023-01-31 13:54:02
82,63d91d7a51aeeb5211e917df,GUARANTEE,13180270.00,13180270.00,KRW,DISBURSEMENT,CREATED,202211,GUARANTEE_ie9bLu7mqE0Q3QY,,5ec7c3b9b1c0c61b0ffed473,VSGYE2RY2WK4NVDS,DAVID,DAVID,2023-01-31 13:54:03,2023-01-31 13:54:03
83,63d91d7a1813d75ad935a72b,GUARANTEE,1704000.00,1704000.00,KRW,DISBURSEMENT,CREATED,202211,GUARANTEE_6ku4AFErre5rqR3,,605ac7c1eb0b35000dc27a13,4MOIAH3F5IN65INT,DAVID,DAVID,2023-01-31 13:54:03,2023-01-31 13:54:03
84,63d91d7b51aeeb5211e917e0,GUARANTEE,60000000.00,60000000.00,KRW,DISBURSEMENT,CREATED,202211,GUARANTEE_rEec2YyxViGfZJl,,62df7d16dd2b4100157e3d6a,W6VM7F43GYNSICTE,DAVID,DAVID,2023-01-31 13:54:03,2023-01-31 13:54:03
85,63d91d7b1813d75ad935a72c,GUARANTEE,3000000.00,3000000.00,KRW,DISBURSEMENT,CREATED,202211,GUARANTEE_xMWJEEAfl8Lavoa,,635f5202374ac8000e6eeffc,LO52E7XKDWM2T44B,DAVID,DAVID,2023-01-31 13:54:04,2023-01-31 13:54:04
86,63d91d7e51aeeb5211e917e1,GUARANTEE,2000.00,2000.00,USD,DISBURSEMENT,CREATED,202211,GUARANTEE_r4fwZc3kOnASuSZ,,63ac8014256d36003c499e4e,MZTP7WAG3S53XPKI,DAVID,DAVID,2023-01-31 13:54:07,2023-01-31 13:54:07
87,63d91d7e1813d75ad935a72d,GUARANTEE,6000.00,6000.00,USD,DISBURSEMENT,CREATED,202211,GUARANTEE_8OLoo0ubL10F1Ak,,6322f464e8547d0016e246bd,JZVLABG2FL7DPXP5,DAVID,DAVID,2023-01-31 13:54:07,2023-01-31 13:54:07
88,63d91d7f1813d75ad935a72e,GUARANTEE,4000.00,4000.00,USD,DISBURSEMENT,CREATED,202211,GUARANTEE_wFPYmFXnMXnx2xM,,632c1f21c7eed5000ee28774,CD6U57D2KP5PKJDN,DAVID,DAVID,2023-01-31 13:54:07,2023-01-31 13:54:07
89,63d91d7f1813d75ad935a72f,GUARANTEE,4279980.00,4279980.00,KRW,DISBURSEMENT,CREATED,202211,GUARANTEE_DpecoX2HRe23Fei,,633289edba5435000ea09722,BKCYGYXOCNIVJQOQ,DAVID,DAVID,2023-01-31 13:54:07,2023-01-31 13:54:07
90,63d91d7f1813d75ad935a730,GUARANTEE,10000.00,10000.00,USD,DISBURSEMENT,CREATED,202211,GUARANTEE_pRKlmJgMWs6ptAY,,63578e81e5fd23000e7631b7,SXBIU4UHGINTWUUN,DAVID,DAVID,2023-01-31 13:54:08,2023-01-31 13:54:08
91,63d91d7f51aeeb5211e917e2,GUARANTEE,4000.00,4000.00,USD,DISBURSEMENT,CREATED,202211,GUARANTEE_o7CH3806qWfdsot,,633ea30b5fc532001565c9e9,XVEJ2AWK6XU2ADZD,DAVID,DAVID,2023-01-31 13:54:08,2023-01-31 13:54:08
92,63d91d8051aeeb5211e917e3,GUARANTEE,3100.00,3100.00,USD,DISBURSEMENT,CREATED,202211,GUARANTEE_kYXShBihRwzc0Os,,6360e9ceace3c9001511baef,CD665XI7JYJCTPSI,DAVID,DAVID,2023-01-31 13:54:08,2023-01-31 13:54:08
93,63d91d801813d75ad935a731,GUARANTEE,3000.00,3000.00,USD,DISBURSEMENT,CREATED,202211,GUARANTEE_P3lCvMZQOOq2N2q,,6371dd13a17fef000fcec2df,KJMQHWY64T4LOC4L,DAVID,DAVID,2023-01-31 13:54:08,2023-01-31 13:54:08
94,63d91d801813d75ad935a732,GUARANTEE,2500.00,2500.00,USD,DISBURSEMENT,CREATED,202211,GUARANTEE_RWKfgHSXkeuUHtU,,634644cd9e1bf1001513635b,RARWCAR336VZGX5W,DAVID,DAVID,2023-01-31 13:54:09,2023-01-31 13:54:09
95,63d91d801813d75ad935a733,GUARANTEE,2500.00,2500.00,USD,DISBURSEMENT,CREATED,202211,GUARANTEE_mJlZIxev0tzBm9h,,6374e6102c4c1d0015787410,5WVMN62V6HTZE2Q2,DAVID,DAVID,2023-01-31 13:54:09,2023-01-31 13:54:09
96,63d91d8151aeeb5211e917e4,GUARANTEE,2500.00,2500.00,USD,DISBURSEMENT,CREATED,202211,GUARANTEE_Y4Rgfcqz6N02So5,,639cc8faf02e70001029a2e6,ECR55YYBU7ZRCUN3,DAVID,DAVID,2023-01-31 13:54:09,2023-01-31 13:54:09
97,63d91d8151aeeb5211e917e5,GUARANTEE,2000.00,2000.00,USD,DISBURSEMENT,CREATED,202211,GUARANTEE_L9MeoWKv33aOaHl,,639b6ab6714096000e18ad50,57KOZTYITAWY23ZS,DAVID,DAVID,2023-01-31 13:54:09,2023-01-31 13:54:09
98,63d91d811813d75ad935a734,GUARANTEE,2000.00,2000.00,USD,DISBURSEMENT,CREATED,202211,GUARANTEE_WbDVXsKBNOw773h,,639b88f51a9240000eb6b88b,ORI54SXCXNMOFN6I,DAVID,DAVID,2023-01-31 13:54:10,2023-01-31 13:54:10
99,63d91d811813d75ad935a735,GUARANTEE,4000.00,4000.00,USD,DISBURSEMENT,CREATED,202211,GUARANTEE_K5JGZ64MTUYlbk8,,6374e8c7eeb1c0001573feea,XRH3KZQXYWQU73HM,DAVID,DAVID,2023-01-31 13:54:10,2023-01-31 13:54:10
100,63d91d8251aeeb5211e917e6,GUARANTEE,2400.00,2400.00,USD,DISBURSEMENT,CREATED,202211,GUARANTEE_ezhEtns74sH0NOB,,63464b9c7d98bc00154ddff4,SISHSYN2SKZYGG2C,DAVID,DAVID,2023-01-31 13:54:10,2023-01-31 13:54:10
101,63d91d821813d75ad935a736,GUARANTEE,2000.00,2000.00,USD,DISBURSEMENT,CREATED,202211,GUARANTEE_6flaYalxTwHpCwE,,63c8f23eb3edb5000ed2303a,6L2K4Z4V6KEU3T5W,DAVID,DAVID,2023-01-31 13:54:10,2023-01-31 13:54:10
102,63d91d8251aeeb5211e917e7,GUARANTEE,700.00,700.00,USD,DISBURSEMENT,CREATED,202211,GUARANTEE_XnfqsHXOQdb0N1Q,,63c5da9c4154fa0016ddbec9,C3CKFQJ2XISRQBUG,DAVID,DAVID,2023-01-31 13:54:11,2023-01-31 13:54:11
103,63d91d821813d75ad935a737,GUARANTEE,720.00,720.00,USD,DISBURSEMENT,CREATED,202211,GUARANTEE_HajPIX7L5eIAyTm,,62b198f4b80986b6ed124866,URFC5CPWMII3COGQ,DAVID,DAVID,2023-01-31 13:54:11,2023-01-31 13:54:11
104,63d91d8351aeeb5211e917e8,GUARANTEE,770.00,770.00,USD,DISBURSEMENT,CREATED,202211,GUARANTEE_LyLB9qnRbnENWxv,,62b198eeb80986b6ed1246bf,5LD35QNVYUIRONBM,DAVID,DAVID,2023-01-31 13:54:11,2023-01-31 13:54:11
105,63d91d8351aeeb5211e917e9,GUARANTEE,1600.00,1600.00,USD,DISBURSEMENT,CREATED,202211,GUARANTEE_8l7yGvvcK5uQIy6,,62b198e4b80986b6ed12433d,FBK6NFWCJB2MS7JA,DAVID,DAVID,2023-01-31 13:54:12,2023-01-31 13:54:12
106,63d91d8351aeeb5211e917ea,GUARANTEE,330.00,330.00,USD,DISBURSEMENT,CREATED,202211,GUARANTEE_RqHvfoNfA3xBu7K,,62b198f4b80986b6ed124828,SIRCXY4CRINFBSX2,DAVID,DAVID,2023-01-31 13:54:12,2023-01-31 13:54:12
107,63d91d841813d75ad935a738,GUARANTEE,1720.00,1720.00,USD,DISBURSEMENT,CREATED,202211,GUARANTEE_PkxU9hLv4IZRGzS,,62b198e8b80986b6ed124480,SIKUDZZWTNID72GP,DAVID,DAVID,2023-01-31 13:54:12,2023-01-31 13:54:12
108,63d91d841813d75ad935a739,GUARANTEE,500.00,500.00,USD,DISBURSEMENT,CREATED,202211,GUARANTEE_TU3q04aWNTeUtds,,62b198eab80986b6ed124534,RTN2FMWKSGVXKS4W,DAVID,DAVID,2023-01-31 13:54:12,2023-01-31 13:54:12
109,63d91d8451aeeb5211e917eb,GUARANTEE,250.00,250.00,USD,DISBURSEMENT,CREATED,202211,GUARANTEE_iT1ZT2aUymkVL8d,,6311a646bac412000f304bca,ZVVLIDBF3UB3ZL7C,DAVID,DAVID,2023-01-31 13:54:13,2023-01-31 13:54:13
110,63d91d841813d75ad935a73a,GUARANTEE,100.00,100.00,USD,DISBURSEMENT,CREATED,202211,GUARANTEE_IhW2FrrxN5J9jD9,,63119dbab208ea001721d06e,7G5TB6BGR5UH562T,DAVID,DAVID,2023-01-31 13:54:13,2023-01-31 13:54:13
111,63d91d851813d75ad935a73b,GUARANTEE,3500.00,3500.00,USD,DISBURSEMENT,CREATED,202211,GUARANTEE_gjt8wuPUgM6nlbG,,62b19905b80986b6ed124da4,RFUIB5YCCQM4E3CD,DAVID,DAVID,2023-01-31 13:54:13,2023-01-31 13:54:13
112,63d91d851813d75ad935a73c,GUARANTEE,3450.00,3450.00,USD,DISBURSEMENT,CREATED,202211,GUARANTEE_vpXznw05cPwpuT3,,62ac3f7aeae053000fe6d2e2,GNYZOETO2ZFD4OPZ,DAVID,DAVID,2023-01-31 13:54:13,2023-01-31 13:54:13
113,63d91d8551aeeb5211e917ec,GUARANTEE,35000.00,35000.00,JPY,DISBURSEMENT,CREATED,202211,GUARANTEE_uhpU19m4pPQ7v82,,61dfbc9d94bdc345d4aa4d57,XMMMR6P3N4NEHDDF,DAVID,DAVID,2023-01-31 13:54:14,2023-01-31 13:54:14
114,63d91d851813d75ad935a73d,GUARANTEE,29000.00,29000.00,JPY,DISBURSEMENT,CREATED,202211,GUARANTEE_QJ1Af7EpEjlTzeH,,61dfbc9d94bdc345d4aa4d6b,JVXRC6DNJTJARN4S,DAVID,DAVID,2023-01-31 13:54:14,2023-01-31 13:54:14
115,63d91d861813d75ad935a73e,GUARANTEE,47000.00,47000.00,JPY,DISBURSEMENT,CREATED,202211,GUARANTEE_vLgUcIJmwI9fqu6,,61dfbc9d94bdc345d4aa4d68,5B4UNR5MGFELQCVV,DAVID,DAVID,2023-01-31 13:54:14,2023-01-31 13:54:14
116,63d91d8651aeeb5211e917ed,GUARANTEE,32000.00,32000.00,JPY,DISBURSEMENT,CREATED,202211,GUARANTEE_xJ3w5tpAzYXWWlD,,61dfbc9d94bdc345d4aa4d8b,UVXLM3S4H63TGSOF,DAVID,DAVID,2023-01-31 13:54:14,2023-01-31 13:54:14
117,63d91d8651aeeb5211e917ee,GUARANTEE,86000.00,86000.00,JPY,DISBURSEMENT,CREATED,202211,GUARANTEE_cDXl9MELb6tes8l,,61dfbc9d94bdc345d4aa4d7f,7BHLURDLZY5OV6IP,DAVID,DAVID,2023-01-31 13:54:15,2023-01-31 13:54:15
118,63d91d861813d75ad935a73f,GUARANTEE,125000.00,125000.00,JPY,DISBURSEMENT,CREATED,202211,GUARANTEE_wcszch2ZTXk8wYV,,61dfbc9d94bdc345d4aa4d87,YVADCNP4ZPNW3BZ3,DAVID,DAVID,2023-01-31 13:54:15,2023-01-31 13:54:15
119,63d91d8751aeeb5211e917ef,GUARANTEE,172000.00,172000.00,JPY,DISBURSEMENT,CREATED,202211,GUARANTEE_95rRAWRZmPowmjI,,61dfbc9d94bdc345d4aa4d8e,2AX5M6US5ESWTZGB,DAVID,DAVID,2023-01-31 13:54:15,2023-01-31 13:54:15
120,63d91d8751aeeb5211e917f0,GUARANTEE,92108.00,92108.00,JPY,DISBURSEMENT,CREATED,202211,GUARANTEE_SscuX3k67b3h7rN,,61dfbc9d94bdc345d4aa4d92,3PAR6KSKTMOUU5MM,DAVID,DAVID,2023-01-31 13:54:15,2023-01-31 13:54:15
121,63d91d871813d75ad935a740,GUARANTEE,20000.00,20000.00,JPY,DISBURSEMENT,CREATED,202211,GUARANTEE_dbDkPu2pCZTBohR,,61dfbc9d94bdc345d4aa4d95,BLE6M224ND6B3F74,DAVID,DAVID,2023-01-31 13:54:16,2023-01-31 13:54:16
122,63d91d8751aeeb5211e917f1,GUARANTEE,107000.00,107000.00,JPY,DISBURSEMENT,CREATED,202211,GUARANTEE_0EwaIlB4Alg3miy,,61dfbc9d94bdc345d4aa4d97,3N5SRMEZAKJZZ5IY,DAVID,DAVID,2023-01-31 13:54:16,2023-01-31 13:54:16
123,63d91d8851aeeb5211e917f2,GUARANTEE,65000.00,65000.00,JPY,DISBURSEMENT,CREATED,202211,GUARANTEE_C2CaiBO9VlrCczW,,61dfbc9d94bdc345d4aa4d96,UYMQD4NT7VUJQNHQ,DAVID,DAVID,2023-01-31 13:54:16,2023-01-31 13:54:16
124,63d91d8851aeeb5211e917f3,GUARANTEE,125000.00,125000.00,JPY,DISBURSEMENT,CREATED,202211,GUARANTEE_CVTbs0znSfA4Qao,,61dfbc9d94bdc345d4aa4d9e,QU3PZKJLLNK7HDSF,DAVID,DAVID,2023-01-31 13:54:16,2023-01-31 13:54:16
125,63d91d881813d75ad935a741,GUARANTEE,77000.00,77000.00,JPY,DISBURSEMENT,CREATED,202211,GUARANTEE_HnCkEXZ2HU29FkQ,,61dfbc9d94bdc345d4aa4d9d,4E3BOG2AZORL7CIQ,DAVID,DAVID,2023-01-31 13:54:17,2023-01-31 13:54:17
126,63d91d881813d75ad935a742,GUARANTEE,173000.00,173000.00,JPY,DISBURSEMENT,CREATED,202211,GUARANTEE_9OwQwB9Wg6Cqt0I,,61dfbc9d94bdc345d4aa4da2,JAXX6ZRSTCPEWEW7,DAVID,DAVID,2023-01-31 13:54:17,2023-01-31 13:54:17
127,63d91d891813d75ad935a743,GUARANTEE,11000.00,11000.00,JPY,DISBURSEMENT,CREATED,202211,GUARANTEE_zA6cZTe2Y8ygj7x,,61dfbc9d94bdc345d4aa4d8f,NCNFZ4JM7SULN5AC,DAVID,DAVID,2023-01-31 13:54:17,2023-01-31 13:54:17
128,63d91d8951aeeb5211e917f4,GUARANTEE,146000.00,146000.00,JPY,DISBURSEMENT,CREATED,202211,GUARANTEE_YTTSRCjx6B0able,,61dfbc9d94bdc345d4aa4da4,O75BVVIUTR3W4A7A,DAVID,DAVID,2023-01-31 13:54:17,2023-01-31 13:54:17
129,63d91d8951aeeb5211e917f5,GUARANTEE,80000.00,80000.00,JPY,DISBURSEMENT,CREATED,202211,GUARANTEE_tCu3m2zXV2CKpMl,,61dfbc9d94bdc345d4aa4da8,D5ZUNHJ3BIX547PS,DAVID,DAVID,2023-01-31 13:54:18,2023-01-31 13:54:18
130,63d91d8951aeeb5211e917f6,GUARANTEE,142000.00,142000.00,JPY,DISBURSEMENT,CREATED,202211,GUARANTEE_DsqDeJUSGoxrzFh,,61dfbc9d94bdc345d4aa4dab,I3MWJERXRXHZFP4Z,DAVID,DAVID,2023-01-31 13:54:18,2023-01-31 13:54:18
131,63d91d8a51aeeb5211e917f7,GUARANTEE,62000.00,62000.00,JPY,DISBURSEMENT,CREATED,202211,GUARANTEE_ZGKW3k0BCmlwvcj,,61dfbc9d94bdc345d4aa4dac,OGLQFBINLYOQM7PG,DAVID,DAVID,2023-01-31 13:54:18,2023-01-31 13:54:18
132,63d91d8a1813d75ad935a744,GUARANTEE,134000.00,134000.00,JPY,DISBURSEMENT,CREATED,202211,GUARANTEE_1ko1NxJW2dFtNVT,,61dfbc9d94bdc345d4aa4db4,JGGJIGE2ZWNCSVF4,DAVID,DAVID,2023-01-31 13:54:18,2023-01-31 13:54:18
133,63d91d8a1813d75ad935a745,GUARANTEE,155000.00,155000.00,JPY,DISBURSEMENT,CREATED,202211,GUARANTEE_Gjue5Ufmz5rac6q,,61dfbc9d94bdc345d4aa4dbc,GWIBLTK4M2ZQHCPY,DAVID,DAVID,2023-01-31 13:54:19,2023-01-31 13:54:19
134,63d91d8a51aeeb5211e917f8,GUARANTEE,158000.00,158000.00,JPY,DISBURSEMENT,CREATED,202211,GUARANTEE_SKNFasE2wsgnH8v,,61dfbc9d94bdc345d4aa4db7,3HM2KGHVGYQEOCM6,DAVID,DAVID,2023-01-31 13:54:19,2023-01-31 13:54:19
135,63d91d8b1813d75ad935a746,GUARANTEE,118000.00,118000.00,JPY,DISBURSEMENT,CREATED,202211,GUARANTEE_qRp8xi4XfyG2qj1,,61dfbc9d94bdc345d4aa4db9,Q5UKXH5WHAU62WU5,DAVID,DAVID,2023-01-31 13:54:19,2023-01-31 13:54:19
136,63d91d8b1813d75ad935a747,GUARANTEE,155000.00,155000.00,JPY,DISBURSEMENT,CREATED,202211,GUARANTEE_WSZJ5KcxqYbsvAB,,61dfbc9d94bdc345d4aa4db6,NYD3FUPZ4S23AFMW,DAVID,DAVID,2023-01-31 13:54:19,2023-01-31 13:54:19
137,63d91d8b1813d75ad935a748,GUARANTEE,160000.00,160000.00,JPY,DISBURSEMENT,CREATED,202211,GUARANTEE_LxmF3hQ8VYYHrEA,,61dfbc9d94bdc345d4aa4dba,72QAXSBEO667FU3K,DAVID,DAVID,2023-01-31 13:54:20,2023-01-31 13:54:20
138,63d91d8b51aeeb5211e917f9,GUARANTEE,185000.00,185000.00,JPY,DISBURSEMENT,CREATED,202211,GUARANTEE_mmcp2j9LToLX5Dg,,61dfbc9d94bdc345d4aa4dc3,WVUNZK33NP7XMG4T,DAVID,DAVID,2023-01-31 13:54:20,2023-01-31 13:54:20
139,63d91d8c1813d75ad935a749,GUARANTEE,103000.00,103000.00,JPY,DISBURSEMENT,CREATED,202211,GUARANTEE_zLF8K19aNxJgoL9,,61dfbc9d94bdc345d4aa4dc0,2CXCZBS3BQNMFN2B,DAVID,DAVID,2023-01-31 13:54:20,2023-01-31 13:54:20
140,63d91d8c51aeeb5211e917fa,GUARANTEE,155000.00,155000.00,JPY,DISBURSEMENT,CREATED,202211,GUARANTEE_2iNC70Qh6VxHApM,,61dfbc9d94bdc345d4aa4dd0,HSCERIE652HF4IDH,DAVID,DAVID,2023-01-31 13:54:20,2023-01-31 13:54:20
141,63d91d8c1813d75ad935a74a,GUARANTEE,110000.00,110000.00,JPY,DISBURSEMENT,CREATED,202211,GUARANTEE_9G19ctkdHDNROdl,,61dfbc9e94bdc345d4aa4dda,MWRZI22EMXFAYO7C,DAVID,DAVID,2023-01-31 13:54:21,2023-01-31 13:54:21
142,63d91d8c1813d75ad935a74b,GUARANTEE,104000.00,104000.00,JPY,DISBURSEMENT,CREATED,202211,GUARANTEE_U2lcwytwri6xICm,,61dfbc9d94bdc345d4aa4dd3,OUUZ4SXUAVE3DCD4,DAVID,DAVID,2023-01-31 13:54:21,2023-01-31 13:54:21
143,63d91d8d51aeeb5211e917fb,GUARANTEE,122000.00,122000.00,JPY,DISBURSEMENT,CREATED,202211,GUARANTEE_Sc9PnKDj88XUXim,,61dfbc9e94bdc345d4aa4ddb,U6GKABW5XCAZ4ZLJ,DAVID,DAVID,2023-01-31 13:54:21,2023-01-31 13:54:21
144,63d91d8d51aeeb5211e917fc,GUARANTEE,149000.00,149000.00,JPY,DISBURSEMENT,CREATED,202211,GUARANTEE_YAmqgWTnZvcUEIx,,61dfbc9e94bdc345d4aa4de0,KQT24XRDWNWZBK6V,DAVID,DAVID,2023-01-31 13:54:21,2023-01-31 13:54:21
145,63d91d8d1813d75ad935a74c,GUARANTEE,44000.00,44000.00,JPY,DISBURSEMENT,CREATED,202211,GUARANTEE_EEMKsBqkPd9S0FC,,61dfbc9e94bdc345d4aa4dde,3PVX4IQKFJTDY2GR,DAVID,DAVID,2023-01-31 13:54:22,2023-01-31 13:54:22
146,63d91d8d1813d75ad935a74d,GUARANTEE,173000.00,173000.00,JPY,DISBURSEMENT,CREATED,202211,GUARANTEE_5pNX4EvwE4cg75H,,61dfbc9e94bdc345d4aa4dea,3ESVQYVVPGNJFITK,DAVID,DAVID,2023-01-31 13:54:22,2023-01-31 13:54:22
147,63d91d8e1813d75ad935a74e,GUARANTEE,173000.00,173000.00,JPY,DISBURSEMENT,CREATED,202211,GUARANTEE_DCHIH9GMf4pb4Vn,,61dfbc9e94bdc345d4aa4df4,4VUXNMFDMLBEEBWM,DAVID,DAVID,2023-01-31 13:54:22,2023-01-31 13:54:22
148,63d91d8e51aeeb5211e917fd,GUARANTEE,158000.00,158000.00,JPY,DISBURSEMENT,CREATED,202211,GUARANTEE_9GwKl9WEPOB4gr1,,61dfbc9e94bdc345d4aa4dfc,7A5FID2NAFAXMXNS,DAVID,DAVID,2023-01-31 13:54:22,2023-01-31 13:54:22
149,63d91d8e51aeeb5211e917fe,GUARANTEE,116000.00,116000.00,JPY,DISBURSEMENT,CREATED,202211,GUARANTEE_AMHYjWEYNdxXikX,,61dfbc9e94bdc345d4aa4dfa,6JDC4N3ZFRMB4Q5R,DAVID,DAVID,2023-01-31 13:54:23,2023-01-31 13:54:23
150,63d91d8e51aeeb5211e917ff,GUARANTEE,194000.00,194000.00,JPY,DISBURSEMENT,CREATED,202211,GUARANTEE_QruapLK8x7UWbQm,,61dfbc9e94bdc345d4aa4e02,B4PO7YTIMYSCATYS,DAVID,DAVID,2023-01-31 13:54:23,2023-01-31 13:54:23
151,63d91d8f51aeeb5211e91800,GUARANTEE,65000.00,65000.00,JPY,DISBURSEMENT,CREATED,202211,GUARANTEE_DhIdR7tCq2H7TZN,,61dfbc9e94bdc345d4aa4e05,ZBAXZQNHRRB4JEYT,DAVID,DAVID,2023-01-31 13:54:23,2023-01-31 13:54:23
152,63d91d8f51aeeb5211e91801,GUARANTEE,173000.00,173000.00,JPY,DISBURSEMENT,CREATED,202211,GUARANTEE_v0B7SedQdvTc0R1,,61dfbc9d94bdc345d4aa4dbd,Z2YNHYKNCYR4CHOF,DAVID,DAVID,2023-01-31 13:54:23,2023-01-31 13:54:23
153,63d91d8f1813d75ad935a74f,GUARANTEE,167000.00,167000.00,JPY,DISBURSEMENT,CREATED,202211,GUARANTEE_tRMMiG9DnofV71m,,6231b292a539b9000d8e155f,7ZBXZBI5JFINN75G,DAVID,DAVID,2023-01-31 13:54:24,2023-01-31 13:54:24
154,63d91d8f51aeeb5211e91802,GUARANTEE,149000.00,149000.00,JPY,DISBURSEMENT,CREATED,202211,GUARANTEE_XtgAh9T8djrwMNa,,623429fa7282bb00134684b4,MSG4EYMU4BFW4ZIN,DAVID,DAVID,2023-01-31 13:54:24,2023-01-31 13:54:24
155,63d91d901813d75ad935a750,GUARANTEE,100000.00,100000.00,JPY,DISBURSEMENT,CREATED,202211,GUARANTEE_MbxPW1KvgIYG2rb,,62382bdde4d40a0013b495d2,CRVRP56N54BOLSKI,DAVID,DAVID,2023-01-31 13:54:24,2023-01-31 13:54:24
156,63d91d9051aeeb5211e91803,GUARANTEE,185000.00,185000.00,JPY,DISBURSEMENT,CREATED,202211,GUARANTEE_oam8eHQIOr4Znk4,,623afd028aa3ce001365bc03,PTKHUZIGAENQUJ7G,DAVID,DAVID,2023-01-31 13:54:24,2023-01-31 13:54:24
157,63d91d901813d75ad935a751,GUARANTEE,176000.00,176000.00,JPY,DISBURSEMENT,CREATED,202211,GUARANTEE_GEmK4u48Ea10GdL,,623a81113be2a4000dad212e,7B64JFWAW5KXCTPW,DAVID,DAVID,2023-01-31 13:54:25,2023-01-31 13:54:25
158,63d91d901813d75ad935a752,GUARANTEE,145000.00,145000.00,JPY,DISBURSEMENT,CREATED,202211,GUARANTEE_1J8yYZZmbhbNyhB,,623be39a83a3ba000fd9ac88,G7FQ2L67MWKHYFEC,DAVID,DAVID,2023-01-31 13:54:25,2023-01-31 13:54:25
159,63d91d9151aeeb5211e91804,GUARANTEE,180000.00,180000.00,JPY,DISBURSEMENT,CREATED,202211,GUARANTEE_9Z7csj631ZKegAV,,62675342420cc9005ba6f4e0,ALL6VHIVQPUHPXYK,DAVID,DAVID,2023-01-31 13:54:25,2023-01-31 13:54:25
160,63d91d9151aeeb5211e91805,GUARANTEE,131000.00,131000.00,JPY,DISBURSEMENT,CREATED,202211,GUARANTEE_lX0B6BIUBVyKNdT,,626b7c9eb2f15e0016423cb2,U24EOASZ6UXQLMEP,DAVID,DAVID,2023-01-31 13:54:25,2023-01-31 13:54:25
161,63d91d911813d75ad935a753,GUARANTEE,158000.00,158000.00,JPY,DISBURSEMENT,CREATED,202211,GUARANTEE_Jn2uxrXjpl3gh6O,,624a6551b6f307003d1d71f1,RE6F7YIPSUROUNWV,DAVID,DAVID,2023-01-31 13:54:26,2023-01-31 13:54:26
162,63d91d9151aeeb5211e91806,GUARANTEE,152000.00,152000.00,JPY,DISBURSEMENT,CREATED,202211,GUARANTEE_db2294Ed001fOmN,,6238249f5890c50013883e52,S26LYR6IXAZNU3EU,DAVID,DAVID,2023-01-31 13:54:26,2023-01-31 13:54:26
163,63d91d9251aeeb5211e91807,GUARANTEE,134000.00,134000.00,JPY,DISBURSEMENT,CREATED,202211,GUARANTEE_wSvqLBnJ9z3xXRa,,6260ff2ee872a30015b09b0e,ZOLA5OAU4QKSTEIF,DAVID,DAVID,2023-01-31 13:54:26,2023-01-31 13:54:26
164,63d91d921813d75ad935a754,GUARANTEE,971060.00,971060.00,JPY,DISBURSEMENT,CREATED,202211,GUARANTEE_kyxCOMUckUOVwWw,,61dfbc9e94bdc345d4aa4e1d,2VGXUUKWJQWNMULR,DAVID,DAVID,2023-01-31 13:54:26,2023-01-31 13:54:26
165,63d91d921813d75ad935a755,GUARANTEE,1500000.00,1500000.00,JPY,DISBURSEMENT,CREATED,202211,GUARANTEE_Ccpbw2ewiDz0WTl,,61dfbc9e94bdc345d4aa4e21,ZFRAUG4AI3GBJCPO,DAVID,DAVID,2023-01-31 13:54:27,2023-01-31 13:54:27
166,63d91d9251aeeb5211e91808,GUARANTEE,55123.00,55123.00,JPY,DISBURSEMENT,CREATED,202211,GUARANTEE_dm351nypSBzznai,,61dfbc9e94bdc345d4aa4e18,XXNNQKRODEDMDYCS,DAVID,DAVID,2023-01-31 13:54:27,2023-01-31 13:54:27
167,63d91d931813d75ad935a756,GUARANTEE,1330432.00,1330432.00,JPY,DISBURSEMENT,CREATED,202211,GUARANTEE_I0f3zIdGiZIr96m,,61dfbc9e94bdc345d4aa4e32,6T4YBWNC4JS75QTM,DAVID,DAVID,2023-01-31 13:54:27,2023-01-31 13:54:27
168,63d91d931813d75ad935a757,GUARANTEE,1442993.00,1442993.00,JPY,DISBURSEMENT,CREATED,202211,GUARANTEE_TxTeT0HT4Lv3DNo,,62035a70388fa300157af5bd,JB7JXSXC25UIOX7Y,DAVID,DAVID,2023-01-31 13:54:27,2023-01-31 13:54:27
169,63d91d931813d75ad935a758,GUARANTEE,338917.00,338917.00,JPY,DISBURSEMENT,CREATED,202211,GUARANTEE_aLv0ymJlBJmf5Fb,,61dfbc9e94bdc345d4aa4e37,2JJJAS7V5IAAZ2TA,DAVID,DAVID,2023-01-31 13:54:28,2023-01-31 13:54:28
170,63d91d9751aeeb5211e91809,GUARANTEE,100000.00,100000.00,JPY,DISBURSEMENT,CREATED,202211,GUARANTEE_SEQtcIxts10GLAg,,63369fb8156af10016a451bf,U4HAKJJJ4K7IEKE2,DAVID,DAVID,2023-01-31 13:54:31,2023-01-31 13:54:31
171,63d91d9751aeeb5211e9180a,GUARANTEE,1790000.00,1790000.00,KRW,DISBURSEMENT,CREATED,202211,GUARANTEE_wWFLGfhAWep5sSq,,61dfbc9d94bdc345d4aa4db8,D5PFE7UZGRJZCKEW,DAVID,DAVID,2023-01-31 13:54:31,2023-01-31 13:54:31
172,63d91d971813d75ad935a759,GUARANTEE,1010000.00,1010000.00,KRW,DISBURSEMENT,CREATED,202211,GUARANTEE_SpyR7AtAg8u3fmV,,6234351bd3bc7a00136dde40,4EQNQOKMTTCRKGFQ,DAVID,DAVID,2023-01-31 13:54:32,2023-01-31 13:54:32
